GROUP,PACKAGE,CLASS,INSTRUCTION_MISSED,INSTRUCTION_COVERED,BRANCH_MISSED,BRANCH_COVERED,LINE_MISSED,LINE_COVERED,COMPLEXITY_MISSED,COMPLEXITY_COVERED,METHOD_MISSED,METHOD_COVERED
odata-jpa-coverage/odata-jpa-annotation,com.sap.olingo.jpa.metadata.core.edm.annotation,EdmFunctionType,15,0,0,0,3,0,1,0,1,0
odata-jpa-coverage/odata-jpa-annotation,com.sap.olingo.jpa.metadata.core.edm.annotation,EdmTopLevelElementRepresentation,33,0,0,0,6,0,1,0,1,0
odata-jpa-coverage/odata-jpa-annotation,com.sap.olingo.jpa.metadata.core.edm.annotation,EdmEnumeration.DummyConverter,18,0,4,0,5,0,5,0,3,0
odata-jpa-coverage/odata-jpa-annotation,com.sap.olingo.jpa.metadata.core.edm.annotation,EdmTransientPropertyCalculator,4,0,0,0,2,0,2,0,2,0
odata-jpa-coverage/odata-jpa-annotation,com.sap.olingo.jpa.metadata.converter,OffsetDateTimeConverter,17,0,4,0,3,0,5,0,3,0
odata-jpa-coverage/odata-jpa-annotation,com.sap.olingo.jpa.metadata.converter,TimeInstantLongConverter,19,0,4,0,3,0,5,0,3,0
odata-jpa-coverage/odata-jpa-metadata,com.sap.olingo.jpa.metadata.api,JPAEntityManagerFactory,83,0,8,0,23,0,7,0,3,0
odata-jpa-coverage/odata-jpa-metadata,com.sap.olingo.jpa.metadata.api,JPAEdmMetadataPostProcessor,6,0,0,0,4,0,4,0,4,0
odata-jpa-coverage/odata-jpa-metadata,com.sap.olingo.jpa.metadata.api,JPAEdmProvider,338,0,42,0,73,0,44,0,23,0
odata-jpa-coverage/odata-jpa-metadata,com.sap.olingo.jpa.metadata.core.edm.mapper.impl,IntermediateOperationResultParameter,86,0,4,0,25,0,11,0,9,0
odata-jpa-coverage/odata-jpa-metadata,com.sap.olingo.jpa.metadata.core.edm.mapper.impl,IntermediateReferences.IntermediateReference,103,0,2,0,26,0,10,0,9,0
odata-jpa-coverage/odata-jpa-metadata,com.sap.olingo.jpa.metadata.core.edm.mapper.impl,IntermediateFunction.IntermediateFunctionParameter,83,0,2,0,20,0,11,0,10,0
odata-jpa-coverage/odata-jpa-metadata,com.sap.olingo.jpa.metadata.core.edm.mapper.impl,IntermediateDescriptionProperty.AssociationPath,274,0,38,0,64,0,35,0,16,0
odata-jpa-coverage/odata-jpa-metadata,com.sap.olingo.jpa.metadata.core.edm.mapper.impl,IntermediateStructuredType.ProtectionInfo,68,0,0,0,16,0,7,0,7,0
odata-jpa-coverage/odata-jpa-metadata,com.sap.olingo.jpa.metadata.core.edm.mapper.impl,IntermediateServiceDocument,460,0,40,0,104,0,47,0,27,0
odata-jpa-coverage/odata-jpa-metadata,com.sap.olingo.jpa.metadata.core.edm.mapper.impl,IntermediateComplexType,123,0,12,0,29,0,11,0,5,0
odata-jpa-coverage/odata-jpa-metadata,com.sap.olingo.jpa.metadata.core.edm.mapper.impl,JPAPathImpl,322,0,44,0,57,0,39,0,17,0
odata-jpa-coverage/odata-jpa-metadata,com.sap.olingo.jpa.metadata.core.edm.mapper.impl,IntermediateSingleton,73,0,4,0,18,0,6,0,4,0
odata-jpa-coverage/odata-jpa-metadata,com.sap.olingo.jpa.metadata.core.edm.mapper.impl,IntermediateFunction,132,0,12,0,27,0,13,0,7,0
odata-jpa-coverage/odata-jpa-metadata,com.sap.olingo.jpa.metadata.core.edm.mapper.impl,JPAServiceDocumentFactory,27,0,0,0,7,0,2,0,2,0
odata-jpa-coverage/odata-jpa-metadata,com.sap.olingo.jpa.metadata.core.edm.mapper.impl,IntermediateDataBaseFunction,409,0,44,0,85,0,33,0,11,0
odata-jpa-coverage/odata-jpa-metadata,com.sap.olingo.jpa.metadata.core.edm.mapper.impl,IntermediateEntityContainer,394,0,48,0,79,0,37,0,13,0
odata-jpa-coverage/odata-jpa-metadata,com.sap.olingo.jpa.metadata.core.edm.mapper.impl,JPAProtectionInfo,41,0,2,0,10,0,6,0,5,0
odata-jpa-coverage/odata-jpa-metadata,com.sap.olingo.jpa.metadata.core.edm.mapper.impl,IntermediateOperation,15,0,4,0,5,0,4,0,2,0
odata-jpa-coverage/odata-jpa-metadata,com.sap.olingo.jpa.metadata.core.edm.mapper.impl,JPAQueryExtensionProvider,73,0,8,0,12,0,6,0,2,0
odata-jpa-coverage/odata-jpa-metadata,com.sap.olingo.jpa.metadata.core.edm.mapper.impl,IntermediateStructuredType.TransientRowType,46,0,4,0,12,0,6,0,4,0
odata-jpa-coverage/odata-jpa-metadata,com.sap.olingo.jpa.metadata.core.edm.mapper.impl,IntermediateEntityType,1032,0,168,0,230,0,129,0,45,0
odata-jpa-coverage/odata-jpa-metadata,com.sap.olingo.jpa.metadata.core.edm.mapper.impl,IntermediateReferences.IntermediateReference.IntermediateReferenceAnnotationInclude,35,0,4,0,9,0,4,0,2,0
odata-jpa-coverage/odata-jpa-metadata,com.sap.olingo.jpa.metadata.core.edm.mapper.impl,IntermediateModelElement,339,0,68,0,80,0,54,0,20,0
odata-jpa-coverage/odata-jpa-metadata,com.sap.olingo.jpa.metadata.core.edm.mapper.impl,IntermediateCollectionProperty,320,0,32,0,66,0,41,0,25,0
odata-jpa-coverage/odata-jpa-metadata,com.sap.olingo.jpa.metadata.core.edm.mapper.impl,IntermediateEntitySet,82,0,6,0,20,0,8,0,5,0
odata-jpa-coverage/odata-jpa-metadata,com.sap.olingo.jpa.metadata.core.edm.mapper.impl,JPANameBuilder,39,0,0,0,9,0,9,0,9,0
odata-jpa-coverage/odata-jpa-metadata,com.sap.olingo.jpa.metadata.core.edm.mapper.impl,IntermediateJavaFunction,465,0,42,0,92,0,34,0,13,0
odata-jpa-coverage/odata-jpa-metadata,com.sap.olingo.jpa.metadata.core.edm.mapper.impl,IntermediateSchema,640,0,62,0,127,0,56,0,25,0
odata-jpa-coverage/odata-jpa-metadata,com.sap.olingo.jpa.metadata.core.edm.mapper.impl,IntermediateReferences,263,0,16,0,45,0,16,0,8,0
odata-jpa-coverage/odata-jpa-metadata,com.sap.olingo.jpa.metadata.core.edm.mapper.impl,IntermediateOperationHelper,149,0,24,0,33,0,15,0,3,0
odata-jpa-coverage/odata-jpa-metadata,com.sap.olingo.jpa.metadata.core.edm.mapper.impl,IntermediateEnumerationType,440,0,58,0,92,0,44,0,15,0
odata-jpa-coverage/odata-jpa-metadata,com.sap.olingo.jpa.metadata.core.edm.mapper.impl,IntermediateEmbeddedIdProperty,34,0,2,0,9,0,4,0,3,0
odata-jpa-coverage/odata-jpa-metadata,com.sap.olingo.jpa.metadata.core.edm.mapper.impl,IntermediateTopLevelEntity,96,0,14,0,25,0,12,0,5,0
odata-jpa-coverage/odata-jpa-metadata,com.sap.olingo.jpa.metadata.core.edm.mapper.impl,IntermediateProperty,1101,0,142,0,239,0,119,0,48,0
odata-jpa-coverage/odata-jpa-metadata,com.sap.olingo.jpa.metadata.core.edm.mapper.impl,IntermediateCollectionProperty.IntermediateCollectionTable,284,0,26,0,51,0,25,0,12,0
odata-jpa-coverage/odata-jpa-metadata,com.sap.olingo.jpa.metadata.core.edm.mapper.impl,IntermediateJavaAction.BindingPosition,14,0,0,0,5,0,3,0,3,0
odata-jpa-coverage/odata-jpa-metadata,com.sap.olingo.jpa.metadata.core.edm.mapper.impl,IntermediateOperationParameter,82,0,6,0,19,0,14,0,11,0
odata-jpa-coverage/odata-jpa-metadata,com.sap.olingo.jpa.metadata.core.edm.mapper.impl,IntermediateStructuredType.TransientSingularAttribute,54,0,8,0,13,0,13,0,9,0
odata-jpa-coverage/odata-jpa-metadata,com.sap.olingo.jpa.metadata.core.edm.mapper.impl,IntermediateFunctionFactory,94,0,8,0,19,0,9,0,5,0
odata-jpa-coverage/odata-jpa-metadata,com.sap.olingo.jpa.metadata.core.edm.mapper.impl,IntermediateJoinColumn,51,0,0,0,15,0,7,0,7,0
odata-jpa-coverage/odata-jpa-metadata,com.sap.olingo.jpa.metadata.core.edm.mapper.impl,IntermediateDescriptionProperty,444,0,32,0,75,0,37,0,21,0
odata-jpa-coverage/odata-jpa-metadata,com.sap.olingo.jpa.metadata.core.edm.mapper.impl,IntermediateStructuredType.TransientPluralAttribute,49,0,6,0,15,0,10,0,7,0
odata-jpa-coverage/odata-jpa-metadata,com.sap.olingo.jpa.metadata.core.edm.mapper.impl,IntermediateStructuredType,2278,0,307,0,444,0,207,0,52,0
odata-jpa-coverage/odata-jpa-metadata,com.sap.olingo.jpa.metadata.core.edm.mapper.impl,JPADefaultEdmNameBuilder,171,0,14,0,26,0,19,0,12,0
odata-jpa-coverage/odata-jpa-metadata,com.sap.olingo.jpa.metadata.core.edm.mapper.impl,IntermediateActionFactory,20,0,0,0,3,0,3,0,3,0
odata-jpa-coverage/odata-jpa-metadata,com.sap.olingo.jpa.metadata.core.edm.mapper.impl,DefaultEdmPostProcessor,7,0,0,0,5,0,5,0,5,0
odata-jpa-coverage/odata-jpa-metadata,com.sap.olingo.jpa.metadata.core.edm.mapper.impl,IntermediateJoinTable,554,0,40,0,110,0,42,0,22,0
odata-jpa-coverage/odata-jpa-metadata,com.sap.olingo.jpa.metadata.core.edm.mapper.impl,IntermediateOperationFactory,76,0,8,0,18,0,8,0,4,0
odata-jpa-coverage/odata-jpa-metadata,com.sap.olingo.jpa.metadata.core.edm.mapper.impl,IntermediateNavigationProperty,1210,0,161,0,260,0,129,0,47,0
odata-jpa-coverage/odata-jpa-metadata,com.sap.olingo.jpa.metadata.core.edm.mapper.impl,IntermediateStructuredType.TransientAttribute,25,0,0,0,9,0,6,0,6,0
odata-jpa-coverage/odata-jpa-metadata,com.sap.olingo.jpa.metadata.core.edm.mapper.impl,JPAAssociationPathImpl,494,0,36,0,109,0,38,0,20,0
odata-jpa-coverage/odata-jpa-metadata,com.sap.olingo.jpa.metadata.core.edm.mapper.impl,JPAOnConditionItemImpl,60,0,4,0,15,0,6,0,4,0
odata-jpa-coverage/odata-jpa-metadata,com.sap.olingo.jpa.metadata.core.edm.mapper.impl,IntermediateSimpleProperty,312,0,42,0,61,0,38,0,17,0
odata-jpa-coverage/odata-jpa-metadata,com.sap.olingo.jpa.metadata.core.edm.mapper.impl,JPATypeConverter,674,0,158,0,159,0,95,0,16,0
odata-jpa-coverage/odata-jpa-metadata,com.sap.olingo.jpa.metadata.core.edm.mapper.impl,IntermediateJavaAction,599,0,50,0,112,0,40,0,15,0
odata-jpa-coverage/odata-jpa-metadata,com.sap.olingo.jpa.metadata.core.edm.mapper.impl,IntermediateReferences.IntermediateReference.IntermediateReferenceInclude,20,0,0,0,5,0,2,0,2,0
odata-jpa-coverage/odata-jpa-metadata,com.sap.olingo.jpa.metadata.core.edm.mapper.exception,ODataJPAModelIgnoreException,3,0,0,0,1,0,1,0,1,0
odata-jpa-coverage/odata-jpa-metadata,com.sap.olingo.jpa.metadata.core.edm.mapper.exception,ODataJPAModelException.MessageKeys,390,0,0,0,66,0,2,0,2,0
odata-jpa-coverage/odata-jpa-metadata,com.sap.olingo.jpa.metadata.core.edm.mapper.exception,ODataJPAException,123,0,8,0,34,0,13,0,9,0
odata-jpa-coverage/odata-jpa-metadata,com.sap.olingo.jpa.metadata.core.edm.mapper.exception,ODataJPAMessageTextBuffer,138,0,10,0,35,0,15,0,10,0
odata-jpa-coverage/odata-jpa-metadata,com.sap.olingo.jpa.metadata.core.edm.mapper.exception,ODataJPAModelException,33,0,0,0,12,0,7,0,7,0
odata-jpa-coverage/odata-jpa-metadata,com.sap.olingo.jpa.metadata.core.edm.mapper.annotation,Annotation,15,0,0,0,4,0,4,0,4,0
odata-jpa-coverage/odata-jpa-metadata,com.sap.olingo.jpa.metadata.core.edm.mapper.annotation,Parameter,66,0,2,0,15,0,9,0,8,0
odata-jpa-coverage/odata-jpa-metadata,com.sap.olingo.jpa.metadata.core.edm.mapper.annotation,ReturnType,58,0,2,0,13,0,8,0,7,0
odata-jpa-coverage/odata-jpa-metadata,com.sap.olingo.jpa.metadata.core.edm.mapper.annotation,EnumType,37,0,2,0,7,0,6,0,5,0
odata-jpa-coverage/odata-jpa-metadata,com.sap.olingo.jpa.metadata.core.edm.mapper.annotation,TypeDefinition,36,0,0,0,10,0,8,0,8,0
odata-jpa-coverage/odata-jpa-metadata,com.sap.olingo.jpa.metadata.core.edm.mapper.annotation,EdmxDataServices,7,0,0,0,2,0,2,0,2,0
odata-jpa-coverage/odata-jpa-metadata,com.sap.olingo.jpa.metadata.core.edm.mapper.annotation,ComplexType,41,0,2,0,8,0,7,0,6,0
odata-jpa-coverage/odata-jpa-metadata,com.sap.olingo.jpa.metadata.core.edm.mapper.annotation,CsdlDocumentReader,109,0,4,0,19,0,7,0,5,0
odata-jpa-coverage/odata-jpa-metadata,com.sap.olingo.jpa.metadata.core.edm.mapper.annotation,Function,35,0,0,0,10,0,7,0,7,0
odata-jpa-coverage/odata-jpa-metadata,com.sap.olingo.jpa.metadata.core.edm.mapper.annotation,EdmxReferenceInclude,9,0,0,0,3,0,3,0,3,0
odata-jpa-coverage/odata-jpa-metadata,com.sap.olingo.jpa.metadata.core.edm.mapper.annotation,AppliesTo,231,0,0,0,36,0,3,0,3,0
odata-jpa-coverage/odata-jpa-metadata,com.sap.olingo.jpa.metadata.core.edm.mapper.annotation,Schema,151,0,0,0,39,0,17,0,17,0
odata-jpa-coverage/odata-jpa-metadata,com.sap.olingo.jpa.metadata.core.edm.mapper.annotation,Term,77,0,2,0,20,0,12,0,11,0
odata-jpa-coverage/odata-jpa-metadata,com.sap.olingo.jpa.metadata.core.edm.mapper.annotation,CsdlDocument,51,0,4,0,11,0,9,0,7,0
odata-jpa-coverage/odata-jpa-metadata,com.sap.olingo.jpa.metadata.core.edm.mapper.annotation,Property,72,0,2,0,17,0,11,0,10,0
odata-jpa-coverage/odata-jpa-metadata,com.sap.olingo.jpa.metadata.core.edm.mapper.annotation,EdmxReference,11,0,0,0,3,0,3,0,3,0
odata-jpa-coverage/odata-jpa-metadata,com.sap.olingo.jpa.metadata.core.edm.mapper.annotation,Action,31,0,0,0,9,0,6,0,6,0
odata-jpa-coverage/odata-jpa-metadata,com.sap.olingo.jpa.metadata.core.edm.mapper.annotation,Member,11,0,0,0,3,0,3,0,3,0
odata-jpa-coverage/odata-jpa-metadata,com.sap.olingo.jpa.metadata.core.edm.mapper.api,JPAEdmNameBuilder,12,0,0,0,3,0,3,0,3,0
odata-jpa-coverage/odata-jpa-metadata,com.sap.olingo.jpa.metadata.reuse,OffsetDateTimeConverter,17,0,4,0,3,0,5,0,3,0
odata-jpa-coverage/odata-jpa-processor,com.sap.olingo.jpa.processor.core.exception,ODataJPAInvocationTargetException,21,0,0,0,8,0,4,0,4,0
odata-jpa-coverage/odata-jpa-processor,com.sap.olingo.jpa.processor.core.exception,ODataJPAProcessorException.MessageKeys,186,0,0,0,32,0,2,0,2,0
odata-jpa-coverage/odata-jpa-processor,com.sap.olingo.jpa.processor.core.exception,ODataJPASerializerException.MessageKeys,18,0,0,0,4,0,2,0,2,0
odata-jpa-coverage/odata-jpa-processor,com.sap.olingo.jpa.processor.core.exception,ODataJPAInvocationTargetException.MessageKeys,12,0,0,0,3,0,2,0,2,0
odata-jpa-coverage/odata-jpa-processor,com.sap.olingo.jpa.processor.core.exception,ODataJPADBAdaptorException,35,0,0,0,11,0,6,0,6,0
odata-jpa-coverage/odata-jpa-processor,com.sap.olingo.jpa.processor.core.exception,ODataJPAFilterException,35,0,0,0,11,0,6,0,6,0
odata-jpa-coverage/odata-jpa-processor,com.sap.olingo.jpa.processor.core.exception,ODataJPAProcessException,131,0,14,0,34,0,19,0,12,0
odata-jpa-coverage/odata-jpa-processor,com.sap.olingo.jpa.processor.core.exception,ODataJPAIllegalAccessException,3,0,0,0,1,0,1,0,1,0
odata-jpa-coverage/odata-jpa-processor,com.sap.olingo.jpa.processor.core.exception,ODataJPAQueryException.MessageKeys,150,0,0,0,26,0,2,0,2,0
odata-jpa-coverage/odata-jpa-processor,com.sap.olingo.jpa.processor.core.exception,ODataJPAUtilException.MessageKeys,18,0,0,0,4,0,2,0,2,0
odata-jpa-coverage/odata-jpa-processor,com.sap.olingo.jpa.processor.core.exception,ODataJPANotImplementedException,9,0,0,0,3,0,2,0,2,0
odata-jpa-coverage/odata-jpa-processor,com.sap.olingo.jpa.processor.core.exception,ODataJPASerializerException,35,0,0,0,11,0,6,0,6,0
odata-jpa-coverage/odata-jpa-processor,com.sap.olingo.jpa.processor.core.exception,ODataJPADBAdaptorException.MessageKeys,30,0,0,0,6,0,2,0,2,0
odata-jpa-coverage/odata-jpa-processor,com.sap.olingo.jpa.processor.core.exception,ODataJPAQueryException,35,0,0,0,11,0,6,0,6,0
odata-jpa-coverage/odata-jpa-processor,com.sap.olingo.jpa.processor.core.exception,ODataJPATransactionException,20,0,0,0,7,0,4,0,4,0
odata-jpa-coverage/odata-jpa-processor,com.sap.olingo.jpa.processor.core.exception,ODataJPAKeyPairException,9,0,0,0,3,0,2,0,2,0
odata-jpa-coverage/odata-jpa-processor,com.sap.olingo.jpa.processor.core.exception,ODataJPAFilterException.MessageKeys,48,0,0,0,9,0,2,0,2,0
odata-jpa-coverage/odata-jpa-processor,com.sap.olingo.jpa.processor.core.exception,JPAIllicalAccessException,3,0,0,0,1,0,1,0,1,0
odata-jpa-coverage/odata-jpa-processor,com.sap.olingo.jpa.processor.core.exception,ODataJPAProcessorException,42,0,0,0,13,0,7,0,7,0
odata-jpa-coverage/odata-jpa-processor,com.sap.olingo.jpa.processor.core.exception,ODataJPATransactionException.MessageKeys,12,0,0,0,3,0,2,0,2,0
odata-jpa-coverage/odata-jpa-processor,com.sap.olingo.jpa.processor.core.exception,ODataJPAUtilException,35,0,0,0,11,0,6,0,6,0
odata-jpa-coverage/odata-jpa-processor,com.sap.olingo.jpa.processor.core.serializer,JPASerializePrimitiveCollection,53,0,0,0,16,0,4,0,4,0
odata-jpa-coverage/odata-jpa-processor,com.sap.olingo.jpa.processor.core.serializer,JPASerializeCount,17,0,0,0,5,0,3,0,3,0
odata-jpa-coverage/odata-jpa-processor,com.sap.olingo.jpa.processor.core.serializer,JPAPrimitivePropertyInfo,15,0,0,0,6,0,3,0,3,0
odata-jpa-coverage/odata-jpa-processor,com.sap.olingo.jpa.processor.core.serializer,JPASerializeCreate.ExpandOptionWrapper,26,0,0,0,8,0,5,0,5,0
odata-jpa-coverage/odata-jpa-processor,com.sap.olingo.jpa.processor.core.serializer,JPASerializeFunction,73,0,2,0,14,0,8,0,7,0
odata-jpa-coverage/odata-jpa-processor,com.sap.olingo.jpa.processor.core.serializer,JPASerializeCreate,74,0,0,0,23,0,3,0,3,0
odata-jpa-coverage/odata-jpa-processor,com.sap.olingo.jpa.processor.core.serializer,JPASerializeEntityCollection,166,0,0,0,47,0,4,0,4,0
odata-jpa-coverage/odata-jpa-processor,com.sap.olingo.jpa.processor.core.serializer,JPASerializeEntity,100,0,0,0,30,0,4,0,4,0
odata-jpa-coverage/odata-jpa-processor,com.sap.olingo.jpa.processor.core.serializer,JPASerializeValue,216,0,28,0,42,0,20,0,6,0
odata-jpa-coverage/odata-jpa-processor,com.sap.olingo.jpa.processor.core.serializer,JPASerializeComplex,267,0,30,0,59,0,21,0,6,0
odata-jpa-coverage/odata-jpa-processor,com.sap.olingo.jpa.processor.core.serializer,JPASerializeCreate.ExpandItemWrapper,36,0,0,0,16,0,16,0,16,0
odata-jpa-coverage/odata-jpa-processor,com.sap.olingo.jpa.processor.core.serializer,JPASerializer,32,0,6,0,7,0,4,0,1,0
odata-jpa-coverage/odata-jpa-processor,com.sap.olingo.jpa.processor.core.serializer,JPASerializerFactory,315,0,21,0,51,0,24,0,10,0
odata-jpa-coverage/odata-jpa-processor,com.sap.olingo.jpa.processor.core.serializer,JPASerializeComplexCollection,53,0,0,0,16,0,4,0,4,0
odata-jpa-coverage/odata-jpa-processor,com.sap.olingo.jpa.processor.core.serializer,JPAValueSerializerResult,9,0,0,0,4,0,2,0,2,0
odata-jpa-coverage/odata-jpa-processor,com.sap.olingo.jpa.processor.core.serializer,JPASerializePrimitiveAbstract,104,0,14,0,24,0,10,0,3,0
odata-jpa-coverage/odata-jpa-processor,com.sap.olingo.jpa.processor.core.serializer,JPASerializePrimitive,129,0,2,0,29,0,5,0,4,0
odata-jpa-coverage/odata-jpa-processor,com.sap.olingo.jpa.processor.core.api.example,JPAExamplePagingProvider,249,0,32,0,44,0,21,0,5,0
odata-jpa-coverage/odata-jpa-processor,com.sap.olingo.jpa.processor.core.api.example,JPAExampleModifyException.MessageKeys,42,0,0,0,8,0,2,0,2,0
odata-jpa-coverage/odata-jpa-processor,com.sap.olingo.jpa.processor.core.api.example,JPAExamplePagingProvider.CacheEntry,15,0,0,0,6,0,3,0,3,0
odata-jpa-coverage/odata-jpa-processor,com.sap.olingo.jpa.processor.core.api.example,JPAExampleCUDRequestHandler,957,0,102,0,196,0,78,0,27,0
odata-jpa-coverage/odata-jpa-processor,com.sap.olingo.jpa.processor.core.api.example,JPAExampleModifyException,13,0,0,0,5,0,3,0,3,0
odata-jpa-coverage/odata-jpa-processor,com.sap.olingo.jpa.processor.core.processor,JPARequestEntityImpl,74,0,2,0,23,0,14,0,13,0
odata-jpa-coverage/odata-jpa-processor,com.sap.olingo.jpa.processor.core.processor,JPAHttpHeaderHashMap,7,0,0,0,4,0,2,0,2,0
odata-jpa-coverage/odata-jpa-processor,com.sap.olingo.jpa.processor.core.processor,JPAEmptyDebugger,10,0,0,0,4,0,4,0,4,0
odata-jpa-coverage/odata-jpa-processor,com.sap.olingo.jpa.processor.core.processor,JPAAbstractRequestProcessor,53,0,0,0,15,0,2,0,2,0
odata-jpa-coverage/odata-jpa-processor,com.sap.olingo.jpa.processor.core.processor,JPAModifyUtil,1043,0,90,0,177,0,66,0,21,0
odata-jpa-coverage/odata-jpa-processor,com.sap.olingo.jpa.processor.core.processor,JPAFunctionRequestProcessor,457,0,49,0,85,0,32,0,7,0
odata-jpa-coverage/odata-jpa-processor,com.sap.olingo.jpa.processor.core.processor,JPACUDRequestProcessor,2689,0,234,0,591,0,152,0,35,0
odata-jpa-coverage/odata-jpa-processor,com.sap.olingo.jpa.processor.core.processor,JPACountRequestProcessor,77,0,2,0,18,0,4,0,3,0
odata-jpa-coverage/odata-jpa-processor,com.sap.olingo.jpa.processor.core.processor,JPAAbstractGetRequestProcessor,5,0,0,0,2,0,1,0,1,0
odata-jpa-coverage/odata-jpa-processor,com.sap.olingo.jpa.processor.core.processor,JPAActionRequestProcessor,323,0,22,0,72,0,17,0,6,0
odata-jpa-coverage/odata-jpa-processor,com.sap.olingo.jpa.processor.core.processor,JPADebugSupportWrapper,86,0,8,0,23,0,10,0,6,0
odata-jpa-coverage/odata-jpa-processor,com.sap.olingo.jpa.processor.core.processor,JPANavigationRequestProcessor,563,0,64,0,111,0,41,0,9,0
odata-jpa-coverage/odata-jpa-processor,com.sap.olingo.jpa.processor.core.processor,JPAOperationRequestProcessor,224,0,24,0,46,0,19,0,6,0
odata-jpa-coverage/odata-jpa-processor,com.sap.olingo.jpa.processor.core.processor,JPAProcessorFactory,454,0,56,0,85,0,41,0,12,0
odata-jpa-coverage/odata-jpa-processor,com.sap.olingo.jpa.processor.core.processor,JPAODataInternalRequestContext,448,0,32,0,111,0,50,0,34,0
odata-jpa-coverage/odata-jpa-processor,com.sap.olingo.jpa.processor.core.processor,JPACoreDebugger,313,0,16,0,69,0,20,0,12,0
odata-jpa-coverage/odata-jpa-processor,com.sap.olingo.jpa.processor.core.processor,JPAHookFactory,214,0,20,0,52,0,16,0,6,0
odata-jpa-coverage/odata-jpa-processor,com.sap.olingo.jpa.processor.core.processor,JPARequestParameterHashMap,7,0,0,0,4,0,2,0,2,0
odata-jpa-coverage/odata-jpa-processor,com.sap.olingo.jpa.processor.core.processor,JPARequestLinkImpl,328,0,18,0,60,0,15,0,6,0
odata-jpa-coverage/odata-jpa-processor,com.sap.olingo.jpa.processor.core.query,JPAJoinQuery,361,0,16,0,66,0,21,0,13,0
odata-jpa-coverage/odata-jpa-processor,com.sap.olingo.jpa.processor.core.query,JPAAbstractJoinQuery,1680,0,168,0,352,0,128,0,44,0
odata-jpa-coverage/odata-jpa-processor,com.sap.olingo.jpa.processor.core.query,JPAExpandQueryResult,359,0,44,0,75,0,43,0,21,0
odata-jpa-coverage/odata-jpa-processor,com.sap.olingo.jpa.processor.core.query,JPAExpandJoinQuery,543,0,32,0,107,0,30,0,14,0
odata-jpa-coverage/odata-jpa-processor,com.sap.olingo.jpa.processor.core.query,JPAExpandLevelWrapper.ExpandOptionWrapper,50,0,0,0,10,0,5,0,5,0
odata-jpa-coverage/odata-jpa-processor,com.sap.olingo.jpa.processor.core.query,JPAAbstractQuery,1231,0,118,0,262,0,95,0,36,0
odata-jpa-coverage/odata-jpa-processor,com.sap.olingo.jpa.processor.core.query,JPAConvertibleResult,2,0,0,0,1,0,1,0,1,0
odata-jpa-coverage/odata-jpa-processor,com.sap.olingo.jpa.processor.core.query,EdmBoundCast,80,0,4,0,20,0,13,0,11,0
odata-jpa-coverage/odata-jpa-processor,com.sap.olingo.jpa.processor.core.query,JPAExpandItemWrapper,100,0,2,0,29,0,20,0,19,0
odata-jpa-coverage/odata-jpa-processor,com.sap.olingo.jpa.processor.core.query,JPANavigationPropertyInfo,385,0,42,0,81,0,38,0,17,0
odata-jpa-coverage/odata-jpa-processor,com.sap.olingo.jpa.processor.core.query,JPAExpandLevelWrapper.LevelsExpandOptionWrapper,23,0,2,0,8,0,4,0,3,0
odata-jpa-coverage/odata-jpa-processor,com.sap.olingo.jpa.processor.core.query,JPAKeyBoundary,34,0,0,0,7,0,4,0,4,0
odata-jpa-coverage/odata-jpa-processor,com.sap.olingo.jpa.processor.core.query,JPAExpandItemInfo,62,0,4,0,8,0,3,0,1,0
odata-jpa-coverage/odata-jpa-processor,com.sap.olingo.jpa.processor.core.query,JPAInlineItemInfo,31,0,0,0,10,0,5,0,5,0
odata-jpa-coverage/odata-jpa-processor,com.sap.olingo.jpa.processor.core.query,JPAExpandFilterQuery,692,0,44,0,138,0,47,0,25,0
odata-jpa-coverage/odata-jpa-processor,com.sap.olingo.jpa.processor.core.query,EdmEntitySetResult,64,0,8,0,16,0,10,0,6,0
odata-jpa-coverage/odata-jpa-processor,com.sap.olingo.jpa.processor.core.query,JPAExpandLevelWrapper,145,0,6,0,36,0,23,0,20,0
odata-jpa-coverage/odata-jpa-processor,com.sap.olingo.jpa.processor.core.query,JPAAbstractExpandQuery,456,0,34,0,99,0,33,0,16,0
odata-jpa-coverage/odata-jpa-processor,com.sap.olingo.jpa.processor.core.query,JPAExpandItemInfoFactory,541,0,82,0,109,0,48,0,7,0
odata-jpa-coverage/odata-jpa-processor,com.sap.olingo.jpa.processor.core.query,JPANavigationFilterQuery,299,0,20,0,60,0,19,0,9,0
odata-jpa-coverage/odata-jpa-processor,com.sap.olingo.jpa.processor.core.query,JPAOrderByBuilder,683,0,74,0,157,0,59,0,22,0
odata-jpa-coverage/odata-jpa-processor,com.sap.olingo.jpa.processor.core.query,JPACollectionExpandWrapper,55,0,0,0,21,0,18,0,18,0
odata-jpa-coverage/odata-jpa-processor,com.sap.olingo.jpa.processor.core.query,ExpressionUtil,302,0,22,0,64,0,19,0,8,0
odata-jpa-coverage/odata-jpa-processor,com.sap.olingo.jpa.processor.core.query,JPACollectionJoinQuery,778,0,64,0,157,0,48,0,16,0
odata-jpa-coverage/odata-jpa-processor,com.sap.olingo.jpa.processor.core.query,JPAExpandJoinCountQuery,294,0,10,0,64,0,15,0,10,0
odata-jpa-coverage/odata-jpa-processor,com.sap.olingo.jpa.processor.core.query,SelectionPathInfo,152,0,10,0,32,0,15,0,10,0
odata-jpa-coverage/odata-jpa-processor,com.sap.olingo.jpa.processor.core.query,JPAKeyPair,193,0,30,0,37,0,24,0,9,0
odata-jpa-coverage/odata-jpa-processor,com.sap.olingo.jpa.processor.core.query,JPACollectionFilterQuery,338,0,28,0,68,0,23,0,9,0
odata-jpa-coverage/odata-jpa-processor,com.sap.olingo.jpa.processor.core.query,JPAExpandQueryFactory,35,0,2,0,8,0,3,0,2,0
odata-jpa-coverage/odata-jpa-processor,com.sap.olingo.jpa.processor.core.query,JPAExpandLevelWrapper.ExpandItemWrapper,83,0,2,0,22,0,17,0,16,0
odata-jpa-coverage/odata-jpa-processor,com.sap.olingo.jpa.processor.core.query,SelectOptionUtil,69,0,12,0,11,0,9,0,3,0
odata-jpa-coverage/odata-jpa-processor,com.sap.olingo.jpa.processor.core.query,JPAStandardExtension,5,0,0,0,2,0,2,0,2,0
odata-jpa-coverage/odata-jpa-processor,com.sap.olingo.jpa.processor.core.query,JPACollectionQueryResult,182,0,10,0,41,0,22,0,17,0
odata-jpa-coverage/odata-jpa-processor,com.sap.olingo.jpa.processor.core.query,JPANavigationProptertyInfo,188,0,20,0,46,0,25,0,15,0
odata-jpa-coverage/odata-jpa-processor,com.sap.olingo.jpa.processor.core.query,EdmBindingTargetResult,64,0,8,0,16,0,10,0,6,0
odata-jpa-coverage/odata-jpa-processor,com.sap.olingo.jpa.processor.core.query,JPARowNumberFilterQuery,350,0,18,0,68,0,20,0,11,0
odata-jpa-coverage/odata-jpa-processor,com.sap.olingo.jpa.processor.core.query,JPAExpandSubCountQuery,323,0,12,0,65,0,15,0,9,0
odata-jpa-coverage/odata-jpa-processor,com.sap.olingo.jpa.processor.core.query,JPAExpandSubQuery,938,0,44,0,165,0,41,0,19,0
odata-jpa-coverage/odata-jpa-processor,com.sap.olingo.jpa.processor.core.query,Util,1023,0,164,0,220,0,101,0,19,0
odata-jpa-coverage/odata-jpa-processor,com.sap.olingo.jpa.processor.core.query,JPACollectionItemInfo,60,0,2,0,7,0,3,0,2,0
odata-jpa-coverage/odata-jpa-processor,com.sap.olingo.jpa.processor.core.query,JPANoSelectionException,3,0,0,0,1,0,1,0,1,0
odata-jpa-coverage/odata-jpa-processor,com.sap.olingo.jpa.processor.core.query,JPAQueryPair,32,0,0,0,7,0,4,0,4,0
odata-jpa-coverage/odata-jpa-processor,com.sap.olingo.jpa.processor.core.query,ComparableByteArray,92,0,10,0,22,0,10,0,5,0
odata-jpa-coverage/odata-jpa-processor,com.sap.olingo.jpa.processor.core.query,JPAAbstractSubQuery,586,0,54,0,132,0,42,0,15,0
odata-jpa-coverage/odata-jpa-processor,com.sap.olingo.jpa.processor.core.query,JPAConvertableResult,2,0,0,0,1,0,1,0,1,0
odata-jpa-coverage/odata-jpa-processor,com.sap.olingo.jpa.processor.core.query,JPAQueryCreationResult,32,0,0,0,7,0,4,0,4,0
odata-jpa-coverage/odata-jpa-processor,com.sap.olingo.jpa.processor.core.api,JPADefaultBatchProcessorFactory,9,0,0,0,2,0,2,0,2,0
odata-jpa-coverage/odata-jpa-processor,com.sap.olingo.jpa.processor.core.api,JPAODataExternalRequestContext,61,0,0,0,18,0,9,0,9,0
odata-jpa-coverage/odata-jpa-processor,com.sap.olingo.jpa.processor.core.api,JPAODataClaimProvider,2,0,0,0,1,0,1,0,1,0
odata-jpa-coverage/odata-jpa-processor,com.sap.olingo.jpa.processor.core.api,JPAODataDefaultTransactionFactory,77,0,10,0,19,0,9,0,4,0
odata-jpa-coverage/odata-jpa-processor,com.sap.olingo.jpa.processor.core.api,JPADefaultErrorProcessor,122,0,12,0,25,0,11,0,5,0
odata-jpa-coverage/odata-jpa-processor,com.sap.olingo.jpa.processor.core.api,JPAODataBatchProcessor,309,0,16,0,66,0,16,0,8,0
odata-jpa-coverage/odata-jpa-processor,com.sap.olingo.jpa.processor.core.api,JPAODataServiceDocumentProcessor,92,0,10,0,23,0,8,0,3,0
odata-jpa-coverage/odata-jpa-processor,com.sap.olingo.jpa.processor.core.api,JPAServiceDebugger,3,0,0,0,3,0,3,0,3,0
odata-jpa-coverage/odata-jpa-processor,com.sap.olingo.jpa.processor.core.api,JPAClaimsPair,47,0,0,0,13,0,5,0,5,0
odata-jpa-coverage/odata-jpa-processor,com.sap.olingo.jpa.processor.core.api,JPAODataExternalRequestContext.Builder,75,0,0,0,22,0,11,0,11,0
odata-jpa-coverage/odata-jpa-processor,com.sap.olingo.jpa.processor.core.api,JPAODataClaimsProvider,71,0,4,0,15,0,8,0,6,0
odata-jpa-coverage/odata-jpa-processor,com.sap.olingo.jpa.processor.core.api,JPAODataRequestContext,4,0,0,0,1,0,1,0,1,0
odata-jpa-coverage/odata-jpa-processor,com.sap.olingo.jpa.processor.core.api,JPAODataServiceContext,132,0,4,0,33,0,17,0,15,0
odata-jpa-coverage/odata-jpa-processor,com.sap.olingo.jpa.processor.core.api,JPAODataDefaultTransactionFactory.JPAODataEntityTransaction,54,0,0,0,22,0,5,0,5,0
odata-jpa-coverage/odata-jpa-processor,com.sap.olingo.jpa.processor.core.api,JPAODataServiceContext.Builder,270,0,22,0,70,0,28,0,17,0
odata-jpa-coverage/odata-jpa-processor,com.sap.olingo.jpa.processor.core.api,JPAODataSessionContextAccess,10,0,0,0,5,0,5,0,5,0
odata-jpa-coverage/odata-jpa-processor,com.sap.olingo.jpa.processor.core.api,JPAODataGroupsProvider,67,0,6,0,13,0,9,0,6,0
odata-jpa-coverage/odata-jpa-processor,com.sap.olingo.jpa.processor.core.api,JPAODataRequestHandler,161,0,8,0,37,0,11,0,7,0
odata-jpa-coverage/odata-jpa-processor,com.sap.olingo.jpa.processor.core.api,JPAAbstractCUDRequestHandler,22,0,0,0,5,0,5,0,5,0
odata-jpa-coverage/odata-jpa-processor,com.sap.olingo.jpa.processor.core.api,JPAODataRequestProcessor,856,0,18,0,243,0,40,0,31,0
odata-jpa-coverage/odata-jpa-processor,com.sap.olingo.jpa.processor.core.api,JPAODataPage,27,0,0,0,10,0,5,0,5,0
odata-jpa-coverage/odata-jpa-processor,com.sap.olingo.jpa.processor.core.api,JPAErrorProcessorWrapper,30,0,0,0,9,0,3,0,3,0
odata-jpa-coverage/odata-jpa-processor,com.sap.olingo.jpa.processor.core.modify,JPAMapCollectionResult,102,0,6,0,19,0,8,0,5,0
odata-jpa-coverage/odata-jpa-processor,com.sap.olingo.jpa.processor.core.modify,JPAMapResult,178,0,24,0,35,0,15,0,3,0
odata-jpa-coverage/odata-jpa-processor,com.sap.olingo.jpa.processor.core.modify,JPAEntityResult,186,0,26,0,34,0,16,0,3,0
odata-jpa-coverage/odata-jpa-processor,com.sap.olingo.jpa.processor.core.modify,JPAEntityCollectionResult,106,0,6,0,21,0,8,0,5,0
odata-jpa-coverage/odata-jpa-processor,com.sap.olingo.jpa.processor.core.modify,JPAConversionHelper,1057,0,77,0,204,0,60,0,20,0
odata-jpa-coverage/odata-jpa-processor,com.sap.olingo.jpa.processor.core.modify,JPAMapNavigationLinkResult,60,0,2,0,13,0,6,0,5,0
odata-jpa-coverage/odata-jpa-processor,com.sap.olingo.jpa.processor.core.modify,JPAEntityBasedResult,60,0,4,0,12,0,7,0,5,0
odata-jpa-coverage/odata-jpa-processor,com.sap.olingo.jpa.processor.core.modify,JPACreateResultFactory,28,0,2,0,6,0,3,0,2,0
odata-jpa-coverage/odata-jpa-processor,com.sap.olingo.jpa.processor.core.modify,JPAEntityNavigationLinkResult,102,0,6,0,20,0,12,0,9,0
odata-jpa-coverage/odata-jpa-processor,com.sap.olingo.jpa.processor.core.modify,JPACreateResult,195,0,20,0,42,0,21,0,11,0
odata-jpa-coverage/odata-jpa-processor,com.sap.olingo.jpa.processor.core.modify,JPAMapBaseResult,54,0,4,0,11,0,7,0,5,0
odata-jpa-coverage/odata-jpa-processor,com.sap.olingo.jpa.processor.core.modify,JPAUpdateResult,15,0,0,0,6,0,3,0,3,0
odata-jpa-coverage/odata-jpa-processor,com.sap.olingo.jpa.processor.core.converter,JPATupleChildConverter,620,0,52,0,134,0,43,0,17,0
odata-jpa-coverage/odata-jpa-processor,com.sap.olingo.jpa.processor.core.converter,JPAStructuredResultConverter,341,0,34,0,79,0,26,0,9,0
odata-jpa-coverage/odata-jpa-processor,com.sap.olingo.jpa.processor.core.converter,JPATupleCollectionConverter,240,0,18,0,51,0,16,0,7,0
odata-jpa-coverage/odata-jpa-processor,com.sap.olingo.jpa.processor.core.converter,JPATuple.JPATupleElement,15,0,0,0,6,0,3,0,3,0
odata-jpa-coverage/odata-jpa-processor,com.sap.olingo.jpa.processor.core.converter,JPAComplexResultConverter,41,0,2,0,10,0,3,0,2,0
odata-jpa-coverage/odata-jpa-processor,com.sap.olingo.jpa.processor.core.converter,JPATuple,74,0,8,0,16,0,14,0,10,0
odata-jpa-coverage/odata-jpa-processor,com.sap.olingo.jpa.processor.core.converter,JPAEntityResultConverter,67,0,2,0,15,0,3,0,2,0
odata-jpa-coverage/odata-jpa-processor,com.sap.olingo.jpa.processor.core.converter,JPATupleResultConverter,830,0,104,0,168,0,70,0,18,0
odata-jpa-coverage/odata-jpa-processor,com.sap.olingo.jpa.processor.core.filter,JPAFunctionOperator,171,0,18,0,36,0,14,0,5,0
odata-jpa-coverage/odata-jpa-processor,com.sap.olingo.jpa.processor.core.filter,JPALambdaOperation,192,0,14,0,33,0,12,0,5,0
odata-jpa-coverage/odata-jpa-processor,com.sap.olingo.jpa.processor.core.filter,JPAMethodCallImp,78,0,4,0,17,0,9,0,7,0
odata-jpa-coverage/odata-jpa-processor,com.sap.olingo.jpa.processor.core.filter,JPANavigationOperation,377,0,26,0,58,0,24,0,11,0
odata-jpa-coverage/odata-jpa-processor,com.sap.olingo.jpa.processor.core.filter,JPAAbstractFilter,72,0,6,0,23,0,8,0,5,0
odata-jpa-coverage/odata-jpa-processor,com.sap.olingo.jpa.processor.core.filter,JPAVisitor,784,0,110,0,127,0,79,0,24,0
odata-jpa-coverage/odata-jpa-processor,com.sap.olingo.jpa.processor.core.filter,JPAMemberOperator,227,0,36,0,51,0,27,0,9,0
odata-jpa-coverage/odata-jpa-processor,com.sap.olingo.jpa.processor.core.filter,JPAEnumerationOperator,44,0,2,0,12,0,6,0,5,0
odata-jpa-coverage/odata-jpa-processor,com.sap.olingo.jpa.processor.core.filter,JPAOperationConverter,786,0,70,0,103,0,70,0,25,0
odata-jpa-coverage/odata-jpa-processor,com.sap.olingo.jpa.processor.core.filter,JPANavigationOperation.SubResource,93,0,10,0,27,0,22,0,17,0
odata-jpa-coverage/odata-jpa-processor,com.sap.olingo.jpa.processor.core.filter,JPAArithmeticOperatorImp,173,0,22,0,37,0,21,0,10,0
odata-jpa-coverage/odata-jpa-processor,com.sap.olingo.jpa.processor.core.filter,JPALambdaAnyOperation,9,0,0,0,4,0,3,0,3,0
odata-jpa-coverage/odata-jpa-processor,com.sap.olingo.jpa.processor.core.filter,JPAFunctionOperator.ParameterLiteral,16,0,0,0,7,0,4,0,4,0
odata-jpa-coverage/odata-jpa-processor,com.sap.olingo.jpa.processor.core.filter,JPAFilterExpression,69,0,0,0,13,0,4,0,4,0
odata-jpa-coverage/odata-jpa-processor,com.sap.olingo.jpa.processor.core.filter,JPAMethodBasedExpression,10,0,0,0,3,0,2,0,2,0
odata-jpa-coverage/odata-jpa-processor,com.sap.olingo.jpa.processor.core.filter,JPABooleanOperatorImp,35,0,0,0,11,0,6,0,6,0
odata-jpa-coverage/odata-jpa-processor,com.sap.olingo.jpa.processor.core.filter,JPAFilterAggregationType,9,0,0,0,2,0,1,0,1,0
odata-jpa-coverage/odata-jpa-processor,com.sap.olingo.jpa.processor.core.filter,JPAFilterElementComplier,91,0,0,0,26,0,14,0,14,0
odata-jpa-coverage/odata-jpa-processor,com.sap.olingo.jpa.processor.core.filter,JPAExistsOperation,271,0,40,0,53,0,25,0,5,0
odata-jpa-coverage/odata-jpa-processor,com.sap.olingo.jpa.processor.core.filter,JPABinaryExpression,29,0,0,0,8,0,2,0,2,0
odata-jpa-coverage/odata-jpa-processor,com.sap.olingo.jpa.processor.core.filter,JPAMemberVisitor,84,0,8,0,28,0,17,0,13,0
odata-jpa-coverage/odata-jpa-processor,com.sap.olingo.jpa.processor.core.filter,JPALambdaAllOperation.NotExpression,25,0,0,0,8,0,4,0,4,0
odata-jpa-coverage/odata-jpa-processor,com.sap.olingo.jpa.processor.core.filter,JPANavigationOperation.SubMember,20,0,0,0,8,0,6,0,6,0
odata-jpa-coverage/odata-jpa-processor,com.sap.olingo.jpa.processor.core.filter,JPALambdaAllOperation,33,0,0,0,6,0,4,0,4,0
odata-jpa-coverage/odata-jpa-processor,com.sap.olingo.jpa.processor.core.filter,JPALiteralOperator,117,0,2,0,21,0,11,0,10,0
odata-jpa-coverage/odata-jpa-processor,com.sap.olingo.jpa.processor.core.filter,JPAComparisonOperatorImp,107,0,12,0,25,0,14,0,8,0
odata-jpa-coverage/odata-jpa-processor,com.sap.olingo.jpa.processor.core.filter,JPAFilterCrossComplier,137,0,6,0,35,0,17,0,14,0
odata-jpa-coverage/odata-jpa-processor,com.sap.olingo.jpa.processor.core.filter,JPAAggregationOperationImp,22,0,0,0,8,0,5,0,5,0
odata-jpa-coverage/odata-jpa-processor,com.sap.olingo.jpa.processor.core.filter,JPAMethodExpression,49,0,4,0,11,0,5,0,3,0
odata-jpa-coverage/odata-jpa-processor,com.sap.olingo.jpa.processor.core.filter,JPAUnaryBooleanOperatorImp,28,0,0,0,9,0,5,0,5,0
odata-jpa-coverage/odata-jpa-processor,com.sap.olingo.jpa.processor.core.database,JPA_HSQLDB_DatabaseProcessor,53,0,4,0,10,0,5,0,3,0
odata-jpa-coverage/odata-jpa-processor,com.sap.olingo.jpa.processor.core.database,JPADefaultDatabaseProcessor,166,0,6,0,29,0,13,0,10,0
odata-jpa-coverage/odata-jpa-processor,com.sap.olingo.jpa.processor.core.database,JPAODataDatabaseProcessorFactory,85,0,14,0,19,0,10,0,3,0
odata-jpa-coverage/odata-jpa-processor,com.sap.olingo.jpa.processor.core.database,JPA_POSTSQL_DatabaseProcessor,53,0,4,0,10,0,5,0,3,0
odata-jpa-coverage/odata-jpa-processor,com.sap.olingo.jpa.processor.core.database,JPA_DERBY_DatabaseProcessor,53,0,4,0,10,0,5,0,3,0
odata-jpa-coverage/odata-jpa-processor,com.sap.olingo.jpa.processor.core.database,JPAAbstractDatabaseProcessor,333,0,20,0,69,0,20,0,10,0
odata-jpa-coverage/odata-jpa-processor-cb,com.sap.olingo.jpa.processor.cb.impl,ExpressionImpl.ExpressionPath,77,0,0,0,21,0,12,0,12,0
odata-jpa-coverage/odata-jpa-processor-cb,com.sap.olingo.jpa.processor.cb.impl,ExpressionImpl.WindowFunctionExpression,114,0,0,0,34,0,9,0,9,0
odata-jpa-coverage/odata-jpa-processor-cb,com.sap.olingo.jpa.processor.cb.impl,ExpressionImpl.DistinctExpression,65,0,2,0,14,0,4,0,3,0
odata-jpa-coverage/odata-jpa-processor-cb,com.sap.olingo.jpa.processor.cb.impl,JPAAttributeWrapper,56,0,0,0,26,0,24,0,24,0
odata-jpa-coverage/odata-jpa-processor-cb,com.sap.olingo.jpa.processor.cb.impl,PredicateImpl.NullPredicate,35,0,0,0,6,0,3,0,3,0
odata-jpa-coverage/odata-jpa-processor-cb,com.sap.olingo.jpa.processor.cb.impl,TypedQueryImpl,395,0,12,0,84,0,47,0,41,0
odata-jpa-coverage/odata-jpa-processor-cb,com.sap.olingo.jpa.processor.cb.impl,EntityManagerWrapper,338,0,2,0,81,0,55,0,54,0
odata-jpa-coverage/odata-jpa-processor-cb,com.sap.olingo.jpa.processor.cb.impl,PredicateImpl,165,0,18,0,35,0,28,0,19,0
odata-jpa-coverage/odata-jpa-processor-cb,com.sap.olingo.jpa.processor.cb.impl,JoinTableJoin,56,0,2,0,12,0,5,0,4,0
odata-jpa-coverage/odata-jpa-processor-cb,com.sap.olingo.jpa.processor.cb.impl,ExpressionImpl,63,0,2,0,17,0,14,0,13,0
odata-jpa-coverage/odata-jpa-processor-cb,com.sap.olingo.jpa.processor.cb.impl,CriteriaBuilderImpl,969,0,8,0,170,0,160,0,156,0
odata-jpa-coverage/odata-jpa-processor-cb,com.sap.olingo.jpa.processor.cb.impl,JoinTableJoin.InnerJoin,97,0,4,0,20,0,7,0,5,0
odata-jpa-coverage/odata-jpa-processor-cb,com.sap.olingo.jpa.processor.cb.impl,RootImpl,10,0,0,0,3,0,2,0,2,0
odata-jpa-coverage/odata-jpa-processor-cb,com.sap.olingo.jpa.processor.cb.impl,PredicateImpl.BinaryExpressionPredicate.Operation,56,0,0,0,6,0,3,0,3,0
odata-jpa-coverage/odata-jpa-processor-cb,com.sap.olingo.jpa.processor.cb.impl,PredicateImpl.OrPredicate,7,0,0,0,3,0,2,0,2,0
odata-jpa-coverage/odata-jpa-processor-cb,com.sap.olingo.jpa.processor.cb.impl,ExpressionImpl.TimeExpression,13,0,0,0,4,0,2,0,2,0
odata-jpa-coverage/odata-jpa-processor-cb,com.sap.olingo.jpa.processor.cb.impl,PredicateImpl.AndPredicate,7,0,0,0,3,0,2,0,2,0
odata-jpa-coverage/odata-jpa-processor-cb,com.sap.olingo.jpa.processor.cb.impl,PredicateImpl.NotPredicate,27,0,0,0,11,0,4,0,4,0
odata-jpa-coverage/odata-jpa-processor-cb,com.sap.olingo.jpa.processor.cb.impl,PathJoin,43,0,2,0,10,0,7,0,6,0
odata-jpa-coverage/odata-jpa-processor-cb,com.sap.olingo.jpa.processor.cb.impl,TypeConverter,776,0,244,0,131,0,137,0,15,0
odata-jpa-coverage/odata-jpa-processor-cb,com.sap.olingo.jpa.processor.cb.impl,AliasBuilder,29,0,0,0,7,0,3,0,3,0
odata-jpa-coverage/odata-jpa-processor-cb,com.sap.olingo.jpa.processor.cb.impl,InheritanceInfo,133,0,10,0,29,0,17,0,12,0
odata-jpa-coverage/odata-jpa-processor-cb,com.sap.olingo.jpa.processor.cb.impl,PredicateImpl.LikePredicate,75,0,0,0,19,0,6,0,6,0
odata-jpa-coverage/odata-jpa-processor-cb,com.sap.olingo.jpa.processor.cb.impl,ExpressionImpl.AggregationExpression,78,0,2,0,22,0,5,0,4,0
odata-jpa-coverage/odata-jpa-processor-cb,com.sap.olingo.jpa.processor.cb.impl,TupleImpl.TupleElementImpl,30,0,0,0,6,0,3,0,3,0
odata-jpa-coverage/odata-jpa-processor-cb,com.sap.olingo.jpa.processor.cb.impl,ExpressionImpl.FunctionExpression,45,0,0,0,9,0,3,0,3,0
odata-jpa-coverage/odata-jpa-processor-cb,com.sap.olingo.jpa.processor.cb.impl,ExpressionImpl.ArithmeticExpression,39,0,0,0,11,0,2,0,2,0
odata-jpa-coverage/odata-jpa-processor-cb,com.sap.olingo.jpa.processor.cb.impl,ExpressionImpl.ConcatExpression,35,0,0,0,10,0,2,0,2,0
odata-jpa-coverage/odata-jpa-processor-cb,com.sap.olingo.jpa.processor.cb.impl,SqlAggregation,49,0,0,0,10,0,3,0,3,0
odata-jpa-coverage/odata-jpa-processor-cb,com.sap.olingo.jpa.processor.cb.impl,CompoundSelectionImpl,292,0,24,0,59,0,28,0,16,0
odata-jpa-coverage/odata-jpa-processor-cb,com.sap.olingo.jpa.processor.cb.impl,SqlStringFunctions,63,0,0,0,12,0,3,0,3,0
odata-jpa-coverage/odata-jpa-processor-cb,com.sap.olingo.jpa.processor.cb.impl,SubqueryImpl,330,0,6,0,77,0,53,0,50,0
odata-jpa-coverage/odata-jpa-processor-cb,com.sap.olingo.jpa.processor.cb.impl,ExpressionImpl.ParameterExpression,93,0,10,0,20,0,13,0,8,0
odata-jpa-coverage/odata-jpa-processor-cb,com.sap.olingo.jpa.processor.cb.impl,SqlJoinType,87,0,6,0,19,0,8,0,5,0
odata-jpa-coverage/odata-jpa-processor-cb,com.sap.olingo.jpa.processor.cb.impl,ExpressionImpl.SubstringExpression,52,0,0,0,12,0,3,0,3,0
odata-jpa-coverage/odata-jpa-processor-cb,com.sap.olingo.jpa.processor.cb.impl,ExpressionImpl.UnaryFunctionalExpression,27,0,0,0,6,0,2,0,2,0
odata-jpa-coverage/odata-jpa-processor-cb,com.sap.olingo.jpa.processor.cb.impl,ParameterBuffer,46,0,0,0,10,0,4,0,4,0
odata-jpa-coverage/odata-jpa-processor-cb,com.sap.olingo.jpa.processor.cb.impl,SqlKeyWords,196,0,0,0,31,0,3,0,3,0
odata-jpa-coverage/odata-jpa-processor-cb,com.sap.olingo.jpa.processor.cb.impl,PredicateImpl.BooleanPredicate,69,0,0,0,11,0,3,0,3,0
odata-jpa-coverage/odata-jpa-processor-cb,com.sap.olingo.jpa.processor.cb.impl,PathImpl,427,0,34,0,73,0,40,0,23,0
odata-jpa-coverage/odata-jpa-processor-cb,com.sap.olingo.jpa.processor.cb.impl,SqlTimeFunctions,35,0,0,0,8,0,3,0,3,0
odata-jpa-coverage/odata-jpa-processor-cb,com.sap.olingo.jpa.processor.cb.impl,PredicateImpl.BetweenExpressionPredicate,59,0,0,0,14,0,3,0,3,0
odata-jpa-coverage/odata-jpa-processor-cb,com.sap.olingo.jpa.processor.cb.impl,PredicateImpl.BinaryExpressionPredicate,49,0,0,0,10,0,3,0,3,0
odata-jpa-coverage/odata-jpa-processor-cb,com.sap.olingo.jpa.processor.cb.impl,CollectionJoinImpl,293,0,24,0,69,0,24,0,12,0
odata-jpa-coverage/odata-jpa-processor-cb,com.sap.olingo.jpa.processor.cb.impl,SqlSubQuery,42,0,0,0,9,0,3,0,3,0
odata-jpa-coverage/odata-jpa-processor-cb,com.sap.olingo.jpa.processor.cb.impl,ExpressionImpl.SubQuery,27,0,0,0,8,0,2,0,2,0
odata-jpa-coverage/odata-jpa-processor-cb,com.sap.olingo.jpa.processor.cb.impl,SqlWindowFunctions,21,0,0,0,6,0,3,0,3,0
odata-jpa-coverage/odata-jpa-processor-cb,com.sap.olingo.jpa.processor.cb.impl,FromImpl,702,0,42,0,127,0,75,0,54,0
odata-jpa-coverage/odata-jpa-processor-cb,com.sap.olingo.jpa.processor.cb.impl,SqlArithmetic,49,0,0,0,10,0,3,0,3,0
odata-jpa-coverage/odata-jpa-processor-cb,com.sap.olingo.jpa.processor.cb.impl,TupleImpl,183,0,14,0,35,0,18,0,11,0
odata-jpa-coverage/odata-jpa-processor-cb,com.sap.olingo.jpa.processor.cb.impl,CriteriaQueryImpl,494,0,18,0,110,0,46,0,37,0
odata-jpa-coverage/odata-jpa-processor-cb,com.sap.olingo.jpa.processor.cb.impl,SelectionImpl,100,0,8,0,26,0,15,0,11,0
odata-jpa-coverage/odata-jpa-processor-cb,com.sap.olingo.jpa.processor.cb.impl,JPAPathWrapper,35,0,0,0,11,0,9,0,9,0
odata-jpa-coverage/odata-jpa-processor-cb,com.sap.olingo.jpa.processor.cb.impl,AbstractJoinImp,233,0,12,0,47,0,20,0,14,0
odata-jpa-coverage/odata-jpa-processor-cb,com.sap.olingo.jpa.processor.cb.impl,SimpleJoin,31,0,0,0,7,0,3,0,3,0
odata-jpa-coverage/odata-jpa-processor-cb,com.sap.olingo.jpa.processor.cb.impl,SqlNullCheck,28,0,0,0,7,0,3,0,3,0
odata-jpa-coverage/odata-jpa-processor-cb,com.sap.olingo.jpa.processor.cb.impl,ExpressionImpl.LocateExpression,52,0,0,0,12,0,3,0,3,0
odata-jpa-coverage/odata-jpa-processor-cb,com.sap.olingo.jpa.processor.cb.impl,SelectionPath,60,0,0,0,16,0,10,0,10,0
odata-jpa-coverage/odata-jpa-processor-cb,com.sap.olingo.jpa.processor.cb.impl,PredicateImpl.In,81,0,2,0,19,0,8,0,7,0
odata-jpa-coverage/odata-jpa-processor-cb,com.sap.olingo.jpa.processor.cb.impl,ExpressionImpl.CoalesceExpression,42,0,0,0,10,0,4,0,4,0
odata-jpa-coverage/odata-jpa-processor-cb,com.sap.olingo.jpa.processor.cb.impl,PredicateImpl.SubQuery,31,0,0,0,9,0,3,0,3,0
odata-jpa-coverage/odata-jpa-processor-cb,com.sap.olingo.jpa.processor.cb.impl,SubqueryRootImpl,183,0,30,0,39,0,22,0,7,0
odata-jpa-coverage/odata-jpa-processor-cb,com.sap.olingo.jpa.processor.cb.impl,OrderImpl,115,0,8,0,26,0,12,0,8,0
odata-jpa-coverage/odata-jpa-processor-cb,com.sap.olingo.jpa.processor.cb.joiner,ExpressionCollector,25,0,0,0,8,0,7,0,7,0
odata-jpa-coverage/odata-jpa-processor-cb,com.sap.olingo.jpa.processor.cb.joiner,StringBuilderJoiner,44,0,2,0,12,0,6,0,5,0
odata-jpa-coverage/odata-jpa-processor-cb,com.sap.olingo.jpa.processor.cb.joiner,StringBuilderCollector,25,0,0,0,8,0,7,0,7,0
odata-jpa-coverage/odata-jpa-processor-cb,com.sap.olingo.jpa.processor.cb.joiner,StringBuilderCollector.SelectionCollector,5,0,0,0,2,0,1,0,1,0
odata-jpa-coverage/odata-jpa-processor-cb,com.sap.olingo.jpa.processor.cb.joiner,StringBuilderCollector.ExpressionCollector,5,0,0,0,2,0,1,0,1,0
odata-jpa-coverage/odata-jpa-processor-cb,com.sap.olingo.jpa.processor.cb.joiner,ExpressionJoiner,54,0,4,0,14,0,6,0,4,0
odata-jpa-coverage/odata-jpa-processor-cb,com.sap.olingo.jpa.processor.cb.joiner,StringBuilderCollector.OrderCollector,5,0,0,0,2,0,1,0,1,0
odata-jpa-coverage/odata-jpa-processor-cb,com.sap.olingo.jpa.processor.cb.api,EntityManagerFactoryWrapper,100,0,0,0,21,0,15,0,15,0
odata-jpa-coverage/odata-jpa-processor-cb,com.sap.olingo.jpa.processor.cb.exeptions,NotImplementedException,3,0,0,0,1,0,1,0,1,0
odata-jpa-coverage/odata-jpa-processor-cb,com.sap.olingo.jpa.processor.cb.exeptions,InternalServerError,4,0,0,0,2,0,1,0,1,0
odata-jpa-coverage/odata-jpa-test,com.sap.olingo.jpa.processor.core.testmodel,LogarithmCalculator,33,0,2,0,9,0,4,0,3,0
odata-jpa-coverage/odata-jpa-test,com.sap.olingo.jpa.processor.core.testmodel,AccessRightsConverter,79,0,14,0,15,0,10,0,3,0
odata-jpa-coverage/odata-jpa-test,com.sap.olingo.jpa.processor.core.testmodel,FullNameCalculator,22,0,0,0,5,0,2,0,2,0
odata-jpa-coverage/odata-jpa-test,com.sap.olingo.jpa.processor.core.testmodel,ComplexBaseType,3,0,0,0,1,0,1,0,1,0
odata-jpa-coverage/odata-jpa-test,com.sap.olingo.jpa.processor.core.testmodel,DateConverter,17,0,4,0,3,0,5,0,3,0
odata-jpa-coverage/odata-jpa-test,com.sap.olingo.jpa.processor.core.testmodel,JoinRelation,3,0,0,0,1,0,1,0,1,0
odata-jpa-coverage/odata-jpa-test,com.sap.olingo.jpa.processor.core.testmodel,PostalAddressData,102,0,0,0,25,0,17,0,17,0
odata-jpa-coverage/odata-jpa-test,com.sap.olingo.jpa.processor.core.testmodel,PersonImage,31,0,0,0,11,0,7,0,7,0
odata-jpa-coverage/odata-jpa-test,com.sap.olingo.jpa.processor.core.testmodel,Membership,3,0,0,0,1,0,1,0,1,0
odata-jpa-coverage/odata-jpa-test,com.sap.olingo.jpa.processor.core.testmodel,DataSourceHelper,114,0,5,0,29,0,6,0,2,0
odata-jpa-coverage/odata-jpa-test,com.sap.olingo.jpa.processor.core.testmodel,MembershipKey,97,0,22,0,22,0,15,0,4,0
odata-jpa-coverage/odata-jpa-test,com.sap.olingo.jpa.processor.core.testmodel,JoinComplex,3,0,0,0,1,0,1,0,1,0
odata-jpa-coverage/odata-jpa-test,com.sap.olingo.jpa.processor.core.testmodel,Organization,53,0,0,0,20,0,10,0,10,0
odata-jpa-coverage/odata-jpa-test,com.sap.olingo.jpa.processor.core.testmodel,AdministrativeInformation,35,0,0,0,11,0,7,0,7,0
odata-jpa-coverage/odata-jpa-test,com.sap.olingo.jpa.processor.core.testmodel,ComplexWithTransientComplexCollection,8,0,0,0,2,0,1,0,1,0
odata-jpa-coverage/odata-jpa-test,com.sap.olingo.jpa.processor.core.testmodel,TransientRefComplex,3,0,0,0,1,0,1,0,1,0
odata-jpa-coverage/odata-jpa-test,com.sap.olingo.jpa.processor.core.testmodel,AddressDeepThreeProtections,17,0,0,0,7,0,5,0,5,0
odata-jpa-coverage/odata-jpa-test,com.sap.olingo.jpa.processor.core.testmodel,Collection,80,0,14,0,22,0,16,0,9,0
odata-jpa-coverage/odata-jpa-test,com.sap.olingo.jpa.processor.core.testmodel,Country,3,0,0,0,1,0,1,0,1,0
odata-jpa-coverage/odata-jpa-test,com.sap.olingo.jpa.processor.core.testmodel,ImageLoader,278,0,10,0,68,0,18,0,13,0
odata-jpa-coverage/odata-jpa-test,com.sap.olingo.jpa.processor.core.testmodel,CurrentUser,3,0,0,0,1,0,1,0,1,0
odata-jpa-coverage/odata-jpa-test,com.sap.olingo.jpa.processor.core.testmodel,InhouseAddressWithGroup,67,0,0,0,19,0,11,0,11,0
odata-jpa-coverage/odata-jpa-test,com.sap.olingo.jpa.processor.core.testmodel,ABCClassification,21,0,0,0,2,0,1,0,1,0
odata-jpa-coverage/odata-jpa-test,com.sap.olingo.jpa.processor.core.testmodel,ByteConverter,11,0,0,0,3,0,3,0,3,0
odata-jpa-coverage/odata-jpa-test,com.sap.olingo.jpa.processor.core.testmodel,InstanceRestrictionKey,97,0,22,0,22,0,15,0,4,0
odata-jpa-coverage/odata-jpa-test,com.sap.olingo.jpa.processor.core.testmodel,StringConverter,7,0,0,0,3,0,3,0,3,0
odata-jpa-coverage/odata-jpa-test,com.sap.olingo.jpa.processor.core.testmodel,BestOrganization,3,0,0,0,1,0,1,0,1,0
odata-jpa-coverage/odata-jpa-test,com.sap.olingo.jpa.processor.core.testmodel,CurrentUserQueryExtension,10,0,0,0,2,0,2,0,2,0
odata-jpa-coverage/odata-jpa-test,com.sap.olingo.jpa.processor.core.testmodel,SupportRelationship,3,0,0,0,1,0,1,0,1,0
odata-jpa-coverage/odata-jpa-test,com.sap.olingo.jpa.processor.core.testmodel,BusinessPartnerProtected,89,0,14,0,23,0,18,0,11,0
odata-jpa-coverage/odata-jpa-test,com.sap.olingo.jpa.processor.core.testmodel,BusinessPartnerRoleKey,111,0,22,0,28,0,19,0,8,0
odata-jpa-coverage/odata-jpa-test,com.sap.olingo.jpa.processor.core.testmodel,User,31,0,0,0,13,0,9,0,9,0
odata-jpa-coverage/odata-jpa-test,com.sap.olingo.jpa.processor.core.testmodel,InhouseAddressTable,31,0,0,0,13,0,9,0,9,0
odata-jpa-coverage/odata-jpa-test,com.sap.olingo.jpa.processor.core.testmodel,UUIDToStringConverter,17,0,4,0,3,0,5,0,3,0
odata-jpa-coverage/odata-jpa-test,com.sap.olingo.jpa.processor.core.testmodel,PersonDeepProtectedHidden,34,0,2,0,9,0,6,0,5,0
odata-jpa-coverage/odata-jpa-test,com.sap.olingo.jpa.processor.core.testmodel,ChangeInformation,40,0,0,0,16,0,8,0,8,0
odata-jpa-coverage/odata-jpa-test,com.sap.olingo.jpa.processor.core.testmodel,UUIDToBinaryConverter,52,0,4,0,12,0,7,0,5,0
odata-jpa-coverage/odata-jpa-test,com.sap.olingo.jpa.processor.core.testmodel,CollectionNestedComplexWithTransient,17,0,0,0,7,0,5,0,5,0
odata-jpa-coverage/odata-jpa-test,com.sap.olingo.jpa.processor.core.testmodel,AdministrativeDivisionDescription,17,0,0,0,7,0,5,0,5,0
odata-jpa-coverage/odata-jpa-test,com.sap.olingo.jpa.processor.core.testmodel,InhouseAddress,67,0,0,0,19,0,11,0,11,0
odata-jpa-coverage/odata-jpa-test,com.sap.olingo.jpa.processor.core.testmodel,BusinessPartnerRoleWithGroup,131,0,22,0,36,0,22,0,11,0
odata-jpa-coverage/odata-jpa-test,com.sap.olingo.jpa.processor.core.testmodel,BusinessPartner,199,0,16,0,71,0,41,0,33,0
odata-jpa-coverage/odata-jpa-test,com.sap.olingo.jpa.processor.core.testmodel,CollectionInnerComplex,24,0,0,0,10,0,7,0,7,0
odata-jpa-coverage/odata-jpa-test,com.sap.olingo.jpa.processor.core.testmodel,DummyToBeIgnored,66,0,14,0,17,0,12,0,5,0
odata-jpa-coverage/odata-jpa-test,com.sap.olingo.jpa.processor.core.testmodel,EmptyQueryExtensionProvider,5,0,0,0,2,0,2,0,2,0
odata-jpa-coverage/odata-jpa-test,com.sap.olingo.jpa.processor.core.testmodel,PostalAddressDataWithGroup,96,0,0,0,23,0,15,0,15,0
odata-jpa-coverage/odata-jpa-test,com.sap.olingo.jpa.processor.core.testmodel,CollectionNestedComplex,17,0,0,0,7,0,5,0,5,0
odata-jpa-coverage/odata-jpa-test,com.sap.olingo.jpa.processor.core.testmodel,AdministrativeDivisionKey,179,0,34,0,44,0,28,0,11,0
odata-jpa-coverage/odata-jpa-test,com.sap.olingo.jpa.processor.core.testmodel,AddressDeepProtected,17,0,0,0,7,0,5,0,5,0
odata-jpa-coverage/odata-jpa-test,com.sap.olingo.jpa.processor.core.testmodel,BusinessPartnerRole,138,0,22,0,39,0,24,0,13,0
odata-jpa-coverage/odata-jpa-test,com.sap.olingo.jpa.processor.core.testmodel,BusinessPartnerWithGroups,198,0,16,0,67,0,38,0,30,0
odata-jpa-coverage/odata-jpa-test,com.sap.olingo.jpa.processor.core.testmodel,JoinTarget,3,0,0,0,1,0,1,0,1,0
odata-jpa-coverage/odata-jpa-test,com.sap.olingo.jpa.processor.core.testmodel,InhouseAddressWithProtection,40,0,0,0,18,0,10,0,10,0
odata-jpa-coverage/odata-jpa-test,com.sap.olingo.jpa.processor.core.testmodel,AssertCollection,48,0,6,0,10,0,4,0,1,0
odata-jpa-coverage/odata-jpa-test,com.sap.olingo.jpa.processor.core.testmodel,CountryRestriction,23,0,0,0,11,0,6,0,6,0
odata-jpa-coverage/odata-jpa-test,com.sap.olingo.jpa.processor.core.testmodel,CollectionPartOfComplex,29,0,0,0,11,0,7,0,7,0
odata-jpa-coverage/odata-jpa-test,com.sap.olingo.jpa.processor.core.testmodel,InhouseAddressWithThreeProtections,40,0,0,0,18,0,10,0,10,0
odata-jpa-coverage/odata-jpa-test,com.sap.olingo.jpa.processor.core.testmodel,GroupNameCalculator,24,0,0,0,4,0,2,0,2,0
odata-jpa-coverage/odata-jpa-test,com.sap.olingo.jpa.processor.core.testmodel,AccessRights,46,0,0,0,8,0,4,0,4,0
odata-jpa-coverage/odata-jpa-test,com.sap.olingo.jpa.processor.core.testmodel,Singleton,3,0,0,0,1,0,1,0,1,0
odata-jpa-coverage/odata-jpa-test,com.sap.olingo.jpa.processor.core.testmodel,Group,3,0,0,0,1,0,1,0,1,0
odata-jpa-coverage/odata-jpa-test,com.sap.olingo.jpa.processor.core.testmodel,LocaleEnumeration,16,0,0,0,5,0,3,0,3,0
odata-jpa-coverage/odata-jpa-test,com.sap.olingo.jpa.processor.core.testmodel,CollectionDeep,73,0,14,0,19,0,14,0,7,0
odata-jpa-coverage/odata-jpa-test,com.sap.olingo.jpa.processor.core.testmodel,DateTimeTest,3,0,0,0,1,0,1,0,1,0
odata-jpa-coverage/odata-jpa-test,com.sap.olingo.jpa.processor.core.testmodel,AdministrativeDivision,267,0,32,0,72,0,45,0,29,0
odata-jpa-coverage/odata-jpa-test,com.sap.olingo.jpa.processor.core.testmodel,OrganizationImage,94,0,14,0,26,0,18,0,11,0
odata-jpa-coverage/odata-jpa-test,com.sap.olingo.jpa.processor.core.testmodel,DummyEmbeddedToIgnore,3,0,0,0,1,0,1,0,1,0
odata-jpa-coverage/odata-jpa-test,com.sap.olingo.jpa.processor.core.testmodel,PersonDeepProtected,92,0,14,0,26,0,18,0,11,0
odata-jpa-coverage/odata-jpa-test,com.sap.olingo.jpa.processor.core.testmodel,DeepProtectedExample,83,0,14,0,23,0,17,0,10,0
odata-jpa-coverage/odata-jpa-test,com.sap.olingo.jpa.processor.core.testmodel,JoinRelationKey,102,0,22,0,23,0,18,0,7,0
odata-jpa-coverage/odata-jpa-test,com.sap.olingo.jpa.processor.core.testmodel,Team,3,0,0,0,1,0,1,0,1,0
odata-jpa-coverage/odata-jpa-test,com.sap.olingo.jpa.processor.core.testmodel,SalesTeam,3,0,0,0,1,0,1,0,1,0
odata-jpa-coverage/odata-jpa-test,com.sap.olingo.jpa.processor.core.testmodel,EntityTypeOnly,3,0,0,0,1,0,1,0,1,0
odata-jpa-coverage/odata-jpa-test,com.sap.olingo.jpa.processor.core.testmodel,DateTimeConverter,19,0,4,0,3,0,5,0,3,0
odata-jpa-coverage/odata-jpa-test,com.sap.olingo.jpa.processor.core.testmodel,CollectionSecondLevelComplex,40,0,0,0,14,0,8,0,8,0
odata-jpa-coverage/odata-jpa-test,com.sap.olingo.jpa.processor.core.testmodel,Person,74,0,2,0,25,0,14,0,13,0
odata-jpa-coverage/odata-jpa-test,com.sap.olingo.jpa.processor.core.testmodel,ComplexSubType,3,0,0,0,1,0,1,0,1,0
odata-jpa-coverage/odata-jpa-test,com.sap.olingo.jpa.processor.core.testmodel,CollectionFirstLevelComplex,22,0,0,0,8,0,5,0,5,0
odata-jpa-coverage/odata-jpa-test,com.sap.olingo.jpa.processor.core.testmodel,ABCClassifiaction,21,0,0,0,2,0,1,0,1,0
odata-jpa-coverage/odata-jpa-test,com.sap.olingo.jpa.processor.core.testmodel,CommunicationData,31,0,0,0,13,0,9,0,9,0
odata-jpa-coverage/odata-jpa-test,com.sap.olingo.jpa.processor.core.testmodel,JoinSource,3,0,0,0,1,0,1,0,1,0
odata-jpa-coverage/odata-jpa-test,com.sap.olingo.jpa.processor.core.testmodel,AdministrativeDivisionDescriptionKey,189,0,38,0,44,0,31,0,12,0
odata-jpa-coverage/odata-jpa-test,com.sap.olingo.jpa.processor.core.testmodel,BusinessPartnerRoleProtected,111,0,22,0,28,0,19,0,8,0
odata-jpa-coverage/odata-jpa-test,com.sap.olingo.jpa.processor.core.testmodel,CollectionWithTransient,80,0,14,0,22,0,16,0,9,0
odata-jpa-coverage/odata-jpa-test,com.sap.olingo.jpa.processor.core.testmodel,StreetPropertyCalculator,18,0,0,0,6,0,2,0,2,0
odata-jpa-coverage/odata-jpa-test,com.sap.olingo.jpa.processor.core.testmodel,Comment,80,0,14,0,23,0,16,0,9,0
odata-jpa-coverage/odata-jpa-test,com.sap.olingo.jpa.processor.core.testmodel,CountryKey,102,0,22,0,23,0,18,0,7,0
odata-jpa-coverage/odata-jpa-test,com.sap.olingo.jpa.processor.core.util,HttpRequestHeaderDouble.HeaderItem,16,0,0,0,5,0,3,0,3,0
odata-jpa-coverage/odata-jpa-test,com.sap.olingo.jpa.processor.core.util,HttpRequestHeaderDouble,148,0,4,0,31,0,7,0,5,0
odata-jpa-coverage/odata-jpa-test,com.sap.olingo.jpa.processor.core.util,HttpRequestHeaderDouble.HeaderEnumerator,16,0,0,0,5,0,3,0,3,0
odata-jpa-coverage/odata-jpa-test,com.sap.olingo.jpa.processor.core.util,Assertions,130,0,12,0,27,0,11,0,5,0
odata-jpa-coverage/odata-jpa-test,com.sap.olingo.jpa.processor.core.util,ServletInputStreamDouble,28,0,2,0,9,0,4,0,3,0
odata-jpa-coverage/odata-jpa-test,com.sap.olingo.jpa.processor.core.errormodel,TeamWithTransientKey,52,0,10,0,7,0,8,0,3,0
odata-jpa-coverage/odata-jpa-test,com.sap.olingo.jpa.processor.core.errormodel,ComplexProtectedNoPath,78,0,14,0,20,0,14,0,7,0
odata-jpa-coverage/odata-jpa-test,com.sap.olingo.jpa.processor.core.errormodel,TeamWithTransientCalculatorError,3,0,0,0,1,0,1,0,1,0
odata-jpa-coverage/odata-jpa-test,com.sap.olingo.jpa.processor.core.errormodel,TeamWithTransientEmbeddableKey,3,0,0,0,1,0,1,0,1,0
odata-jpa-coverage/odata-jpa-test,com.sap.olingo.jpa.processor.core.errormodel,TransientPropertyCalculatorTwoConstructors,15,0,0,0,7,0,3,0,3,0
odata-jpa-coverage/odata-jpa-test,com.sap.olingo.jpa.processor.core.errormodel,DummyPropertyCalculator,21,0,0,0,5,0,3,0,3,0
odata-jpa-coverage/odata-jpa-test,com.sap.olingo.jpa.processor.core.errormodel,EmbeddedKeyPartOfGroup,3,0,0,0,1,0,1,0,1,0
odata-jpa-coverage/odata-jpa-test,com.sap.olingo.jpa.processor.core.errormodel,TeamWithTransientError,3,0,0,0,1,0,1,0,1,0
odata-jpa-coverage/odata-jpa-test,com.sap.olingo.jpa.processor.core.errormodel,ComplexProtectedWrongPath,78,0,14,0,20,0,14,0,7,0
odata-jpa-coverage/odata-jpa-test,com.sap.olingo.jpa.processor.core.errormodel,MandatoryPartOfGroup,3,0,0,0,1,0,1,0,1,0
odata-jpa-coverage/odata-jpa-test,com.sap.olingo.jpa.processor.core.errormodel,ComplextProtectedWrongPath,78,0,14,0,20,0,14,0,7,0
odata-jpa-coverage/odata-jpa-test,com.sap.olingo.jpa.processor.core.errormodel,Team,84,0,12,0,16,0,15,0,9,0
odata-jpa-coverage/odata-jpa-test,com.sap.olingo.jpa.processor.core.errormodel,NavigationAttributeProtected,66,0,14,0,16,0,12,0,5,0
odata-jpa-coverage/odata-jpa-test,com.sap.olingo.jpa.processor.core.errormodel,KeyPartOfGroup,17,0,0,0,7,0,5,0,5,0
odata-jpa-coverage/odata-jpa-test,com.sap.olingo.jpa.processor.core.errormodel,CollectionAttributeProtected,84,0,14,0,22,0,15,0,8,0
odata-jpa-coverage/odata-jpa-test,com.sap.olingo.jpa.processor.core.errormodel,TransientPropertyCalculatorWrongConstructor,15,0,0,0,6,0,3,0,3,0
odata-jpa-coverage/odata-jpa-test,com.sap.olingo.jpa.processor.core.errormodel,TeamWithTransientCalculatorConstructorError,3,0,0,0,1,0,1,0,1,0
odata-jpa-coverage/odata-jpa-test,com.sap.olingo.jpa.processor.core.errormodel,ComplextProtectedNoPath,78,0,14,0,20,0,14,0,7,0
odata-jpa-coverage/odata-jpa-test,com.sap.olingo.jpa.processor.core.errormodel,PersonDeepCollectionProtected,68,0,6,0,21,0,14,0,11,0
odata-jpa-coverage/odata-jpa-test,com.sap.olingo.jpa.processor.core.errormodel,SingletonAsEntitySet,3,0,0,0,1,0,1,0,1,0
odata-jpa-coverage/odata-jpa-test,com.sap.olingo.jpa.processor.core.errormodel,ChangeInformation,12,0,0,0,5,0,2,0,2,0
odata-jpa-coverage/odata-jpa-test,com.sap.olingo.jpa.processor.core.errormodel,AdministrativeInformation,45,0,0,0,11,0,7,0,7,0
odata-jpa-coverage/odata-jpa-test,com.sap.olingo.jpa.processor.core.errormodel,CompoundKey,77,0,10,0,19,0,14,0,9,0
odata-jpa-coverage/odata-jpa-test,com.sap.olingo.jpa.processor.core.errormodel,NavigationPropertyPartOfGroup,3,0,0,0,1,0,1,0,1,0
odata-jpa-coverage/odata-jpa-test,com.sap.olingo.jpa.processor.core.test_udf,UserDefinedFunctions,8,0,0,0,1,0,1,0,1,0
odata-jpa-coverage/odata-jpa-processor-parallel,com.sap.olingo.jpa.processor.core.exception,ODataJPABatchRuntimeException,4,0,0,0,2,0,1,0,1,0
odata-jpa-coverage/odata-jpa-processor-parallel,com.sap.olingo.jpa.processor.core.exception,ODataJPABatchException.MessageKeys,12,0,0,0,3,0,2,0,2,0
odata-jpa-coverage/odata-jpa-processor-parallel,com.sap.olingo.jpa.processor.core.exception,ODataJPABatchException,14,0,0,0,5,0,3,0,3,0
odata-jpa-coverage/odata-jpa-processor-parallel,com.sap.olingo.jpa.processor.core.processor,JPAODataBatchParallelRequestGroup,113,0,0,0,21,0,7,0,7,0
odata-jpa-coverage/odata-jpa-processor-parallel,com.sap.olingo.jpa.processor.core.processor,JPAODataBatchSequentialRequestGroup,65,0,0,0,14,0,5,0,5,0
odata-jpa-coverage/odata-jpa-processor-parallel,com.sap.olingo.jpa.processor.core.processor,JPAODataParallelBatchProcessor,218,0,32,0,44,0,26,0,10,0
odata-jpa-coverage/odata-jpa-processor-parallel,com.sap.olingo.jpa.processor.core.api,JPAODataParallelBatchProcessorFactory,9,0,0,0,2,0,2,0,2,0
